[
    {
        "y": 0.8406011750886435, 
        "x": -0.23804289718198746, 
        "cell_name": "A0"
    }, 
    {
        "y": 0.5406011706182952, 
        "x": -0.23804289718198746, 
        "cell_name": "B0"
    }, 
    {
        "y": 0.5406011706182952, 
        "x": 0.0619571072883609, 
        "cell_name": "B1"
    }, 
    {
        "y": 0.5406011706182952, 
        "x": 0.36195711175870926, 
        "cell_name": "B2"
    }, 
    {
        "y": 0.5406011706182952, 
        "x": 0.6619571162290576, 
        "cell_name": "B3"
    }, 
    {
        "y": 0.5406011706182952, 
        "x": 0.961957120699406, 
        "cell_name": "B4"
    }, 
    {
        "y": 0.5406011706182952, 
        "x": 1.2619571251697543, 
        "cell_name": "B5"
    }, 
    {
        "y": 0.5406011706182952, 
        "x": 1.5619571296401027, 
        "cell_name": "B6"
    }, 
    {
        "y": 0.5406011706182952, 
        "x": 1.861957134110451, 
        "cell_name": "B7"
    }, 
    {
        "y": 0.5406011706182952, 
        "x": 2.1619571385807994, 
        "cell_name": "B8"
    }, 
    {
        "y": 0.5406011706182952, 
        "x": 2.4619571430511478, 
        "cell_name": "B9"
    }, 
    {
        "y": 0.5406011706182952, 
        "x": 2.761957147521496, 
        "cell_name": "B10"
    }, 
    {
        "y": 0.5406011706182952, 
        "x": 3.0619571519918445, 
        "cell_name": "B11"
    }, 
    {
        "y": 0.5406011706182952, 
        "x": 3.361957156462193, 
        "cell_name": "B12"
    }, 
    {
        "y": 0.2406011661479468, 
        "x": 3.361957156462193, 
        "cell_name": "C12"
    }, 
    {
        "y": -0.05939883832240156, 
        "x": 3.361957156462193, 
        "cell_name": "D12"
    }, 
    {
        "y": -0.3593988427927499, 
        "x": 3.361957156462193, 
        "cell_name": "E12"
    }, 
    {
        "y": -0.6593988472630983, 
        "x": 3.361957156462193, 
        "cell_name": "F12"
    }, 
    {
        "y": -0.9593988517334466, 
        "x": 3.361957156462193, 
        "cell_name": "G12"
    }, 
    {
        "y": -1.259398856203795, 
        "x": 3.361957156462193, 
        "cell_name": "H12"
    }, 
    {
        "y": -1.5593988606741434, 
        "x": 3.361957156462193, 
        "cell_name": "I12"
    }, 
    {
        "y": -1.5593988606741434, 
        "x": 3.0619571519918445, 
        "cell_name": "I11"
    }, 
    {
        "y": -1.5593988606741434, 
        "x": 2.761957147521496, 
        "cell_name": "I10"
    }, 
    {
        "y": -1.5593988606741434, 
        "x": 2.4619571430511478, 
        "cell_name": "I9"
    }, 
    {
        "y": -1.5593988606741434, 
        "x": 2.1619571385807994, 
        "cell_name": "I8"
    }, 
    {
        "y": -1.5593988606741434, 
        "x": 1.861957134110451, 
        "cell_name": "I7"
    }, 
    {
        "y": -1.5593988606741434, 
        "x": 1.5619571296401027, 
        "cell_name": "I6"
    }, 
    {
        "y": -1.5593988606741434, 
        "x": 1.2619571251697543, 
        "cell_name": "I5"
    }, 
    {
        "y": -1.5593988606741434, 
        "x": 0.961957120699406, 
        "cell_name": "I4"
    }, 
    {
        "y": -1.5593988606741434, 
        "x": 0.6619571162290576, 
        "cell_name": "I3"
    }, 
    {
        "y": -1.5593988606741434, 
        "x": 0.36195711175870926, 
        "cell_name": "I2"
    }, 
    {
        "y": -1.5593988606741434, 
        "x": 0.0619571072883609, 
        "cell_name": "I1"
    }, 
    {
        "y": -1.5593988606741434, 
        "x": -0.23804289718198746, 
        "cell_name": "I0"
    }, 
    {
        "y": -1.8593988651444917, 
        "x": -0.23804289718198746, 
        "cell_name": "J0"
    }, 
    {
        "y": -1.8593988651444917, 
        "x": 0.0619571072883609, 
        "cell_name": "J1"
    }, 
    {
        "y": -1.8593988651444917, 
        "x": 0.36195711175870926, 
        "cell_name": "J2"
    }, 
    {
        "y": -1.8593988651444917, 
        "x": 0.6619571162290576, 
        "cell_name": "J3"
    }, 
    {
        "y": -1.8593988651444917, 
        "x": 0.961957120699406, 
        "cell_name": "J4"
    }, 
    {
        "y": -1.8593988651444917, 
        "x": 1.2619571251697543, 
        "cell_name": "J5"
    }, 
    {
        "y": -1.8593988651444917, 
        "x": 1.5619571296401027, 
        "cell_name": "J6"
    }, 
    {
        "y": -1.8593988651444917, 
        "x": 1.861957134110451, 
        "cell_name": "J7"
    }, 
    {
        "y": -1.8593988651444917, 
        "x": 2.1619571385807994, 
        "cell_name": "J8"
    }, 
    {
        "y": -1.8593988651444917, 
        "x": 2.4619571430511478, 
        "cell_name": "J9"
    }, 
    {
        "y": -1.8593988651444917, 
        "x": 2.761957147521496, 
        "cell_name": "J10"
    }, 
    {
        "y": -1.8593988651444917, 
        "x": 3.0619571519918445, 
        "cell_name": "J11"
    }, 
    {
        "y": -1.8593988651444917, 
        "x": 3.361957156462193, 
        "cell_name": "J12"
    }, 
    {
        "y": -1.8593988651444917, 
        "x": 3.661957160932541, 
        "cell_name": "J13"
    }, 
    {
        "y": -1.8593988651444917, 
        "x": 3.9619571654028896, 
        "cell_name": "J14"
    }, 
    {
        "y": -1.8593988651444917, 
        "x": 4.261957169873238, 
        "cell_name": "J15"
    }, 
    {
        "y": -1.5593988606741434, 
        "x": 4.261957169873238, 
        "cell_name": "I15"
    }, 
    {
        "y": -1.259398856203795, 
        "x": 4.261957169873238, 
        "cell_name": "H15"
    }, 
    {
        "y": -0.9593988517334466, 
        "x": 4.261957169873238, 
        "cell_name": "G15"
    }, 
    {
        "y": -0.6593988472630983, 
        "x": 4.261957169873238, 
        "cell_name": "F15"
    }, 
    {
        "y": -0.6593988472630983, 
        "x": 4.561957174343586, 
        "cell_name": "F16"
    }, 
    {
        "y": -0.6593988472630983, 
        "x": 4.861957178813935, 
        "cell_name": "F17"
    }, 
    {
        "y": -0.6593988472630983, 
        "x": 5.161957183284283, 
        "cell_name": "F18"
    }, 
    {
        "y": -0.6593988472630983, 
        "x": 5.461957187754631, 
        "cell_name": "F19"
    }, 
    {
        "y": -0.6593988472630983, 
        "x": 5.76195719222498, 
        "cell_name": "F20"
    }, 
    {
        "y": -0.6593988472630983, 
        "x": 6.061957196695328, 
        "cell_name": "F21"
    }, 
    {
        "y": -0.6593988472630983, 
        "x": 6.361957201165676, 
        "cell_name": "F22"
    }, 
    {
        "y": -0.6593988472630983, 
        "x": 6.661957205636025, 
        "cell_name": "F23"
    }, 
    {
        "y": -0.3593988427927499, 
        "x": 6.661957205636025, 
        "cell_name": "E23"
    }, 
    {
        "y": -0.05939883832240156, 
        "x": 6.661957205636025, 
        "cell_name": "D23"
    }, 
    {
        "y": 0.2406011661479468, 
        "x": 6.661957205636025, 
        "cell_name": "C23"
    }, 
    {
        "y": 0.5406011706182952, 
        "x": 6.661957205636025, 
        "cell_name": "B23"
    }, 
    {
        "y": 0.8406011750886435, 
        "x": 6.661957205636025, 
        "cell_name": "A23"
    }, 
    {
        "y": 0.8406011750886435, 
        "x": 6.361957201165676, 
        "cell_name": "A22"
    }, 
    {
        "y": 0.5406011706182952, 
        "x": 6.361957201165676, 
        "cell_name": "B22"
    }, 
    {
        "y": 0.2406011661479468, 
        "x": 6.361957201165676, 
        "cell_name": "C22"
    }, 
    {
        "y": -0.05939883832240156, 
        "x": 6.361957201165676, 
        "cell_name": "D22"
    }, 
    {
        "y": -0.3593988427927499, 
        "x": 6.361957201165676, 
        "cell_name": "E22"
    }, 
    {
        "y": -0.3593988427927499, 
        "x": 6.061957196695328, 
        "cell_name": "E21"
    }, 
    {
        "y": -0.05939883832240156, 
        "x": 6.061957196695328, 
        "cell_name": "D21"
    }, 
    {
        "y": 0.2406011661479468, 
        "x": 6.061957196695328, 
        "cell_name": "C21"
    }, 
    {
        "y": 0.5406011706182952, 
        "x": 6.061957196695328, 
        "cell_name": "B21"
    }, 
    {
        "y": 0.8406011750886435, 
        "x": 6.061957196695328, 
        "cell_name": "A21"
    }, 
    {
        "y": 0.8406011750886435, 
        "x": 5.76195719222498, 
        "cell_name": "A20"
    }, 
    {
        "y": 0.5406011706182952, 
        "x": 5.76195719222498, 
        "cell_name": "B20"
    }, 
    {
        "y": 0.2406011661479468, 
        "x": 5.76195719222498, 
        "cell_name": "C20"
    }, 
    {
        "y": -0.05939883832240156, 
        "x": 5.76195719222498, 
        "cell_name": "D20"
    }, 
    {
        "y": -0.3593988427927499, 
        "x": 5.76195719222498, 
        "cell_name": "E20"
    }, 
    {
        "y": -0.3593988427927499, 
        "x": 5.461957187754631, 
        "cell_name": "E19"
    }, 
    {
        "y": -0.05939883832240156, 
        "x": 5.461957187754631, 
        "cell_name": "D19"
    }, 
    {
        "y": 0.2406011661479468, 
        "x": 5.461957187754631, 
        "cell_name": "C19"
    }, 
    {
        "y": 0.5406011706182952, 
        "x": 5.461957187754631, 
        "cell_name": "B19"
    }, 
    {
        "y": 0.8406011750886435, 
        "x": 5.461957187754631, 
        "cell_name": "A19"
    }, 
    {
        "y": 0.8406011750886435, 
        "x": 5.161957183284283, 
        "cell_name": "A18"
    }, 
    {
        "y": 0.5406011706182952, 
        "x": 5.161957183284283, 
        "cell_name": "B18"
    }, 
    {
        "y": 0.2406011661479468, 
        "x": 5.161957183284283, 
        "cell_name": "C18"
    }, 
    {
        "y": -0.05939883832240156, 
        "x": 5.161957183284283, 
        "cell_name": "D18"
    }, 
    {
        "y": -0.3593988427927499, 
        "x": 5.161957183284283, 
        "cell_name": "E18"
    }, 
    {
        "y": -0.3593988427927499, 
        "x": 4.861957178813935, 
        "cell_name": "E17"
    }, 
    {
        "y": -0.05939883832240156, 
        "x": 4.861957178813935, 
        "cell_name": "D17"
    }, 
    {
        "y": 0.2406011661479468, 
        "x": 4.861957178813935, 
        "cell_name": "C17"
    }, 
    {
        "y": 0.5406011706182952, 
        "x": 4.861957178813935, 
        "cell_name": "B17"
    }, 
    {
        "y": 0.8406011750886435, 
        "x": 4.861957178813935, 
        "cell_name": "A17"
    }, 
    {
        "y": 0.8406011750886435, 
        "x": 4.561957174343586, 
        "cell_name": "A16"
    }, 
    {
        "y": 0.5406011706182952, 
        "x": 4.561957174343586, 
        "cell_name": "B16"
    }, 
    {
        "y": 0.2406011661479468, 
        "x": 4.561957174343586, 
        "cell_name": "C16"
    }, 
    {
        "y": -0.05939883832240156, 
        "x": 4.561957174343586, 
        "cell_name": "D16"
    }, 
    {
        "y": -0.3593988427927499, 
        "x": 4.561957174343586, 
        "cell_name": "E16"
    }, 
    {
        "y": -0.3593988427927499, 
        "x": 4.261957169873238, 
        "cell_name": "E15"
    }, 
    {
        "y": -0.05939883832240156, 
        "x": 4.261957169873238, 
        "cell_name": "D15"
    }, 
    {
        "y": 0.2406011661479468, 
        "x": 4.261957169873238, 
        "cell_name": "C15"
    }, 
    {
        "y": 0.5406011706182952, 
        "x": 4.261957169873238, 
        "cell_name": "B15"
    }, 
    {
        "y": 0.8406011750886435, 
        "x": 4.261957169873238, 
        "cell_name": "A15"
    }, 
    {
        "y": 0.8406011750886435, 
        "x": 3.9619571654028896, 
        "cell_name": "A14"
    }, 
    {
        "y": 0.5406011706182952, 
        "x": 3.9619571654028896, 
        "cell_name": "B14"
    }, 
    {
        "y": 0.2406011661479468, 
        "x": 3.9619571654028896, 
        "cell_name": "C14"
    }, 
    {
        "y": -0.05939883832240156, 
        "x": 3.9619571654028896, 
        "cell_name": "D14"
    }, 
    {
        "y": -0.3593988427927499, 
        "x": 3.9619571654028896, 
        "cell_name": "E14"
    }, 
    {
        "y": -0.6593988472630983, 
        "x": 3.9619571654028896, 
        "cell_name": "F14"
    }, 
    {
        "y": -0.9593988517334466, 
        "x": 3.9619571654028896, 
        "cell_name": "G14"
    }, 
    {
        "y": -1.259398856203795, 
        "x": 3.9619571654028896, 
        "cell_name": "H14"
    }, 
    {
        "y": -1.5593988606741434, 
        "x": 3.9619571654028896, 
        "cell_name": "I14"
    }, 
    {
        "y": -1.5593988606741434, 
        "x": 3.661957160932541, 
        "cell_name": "I13"
    }, 
    {
        "y": -1.259398856203795, 
        "x": 3.661957160932541, 
        "cell_name": "H13"
    }, 
    {
        "y": -0.9593988517334466, 
        "x": 3.661957160932541, 
        "cell_name": "G13"
    }, 
    {
        "y": -0.6593988472630983, 
        "x": 3.661957160932541, 
        "cell_name": "F13"
    }, 
    {
        "y": -0.3593988427927499, 
        "x": 3.661957160932541, 
        "cell_name": "E13"
    }, 
    {
        "y": -0.05939883832240156, 
        "x": 3.661957160932541, 
        "cell_name": "D13"
    }, 
    {
        "y": 0.2406011661479468, 
        "x": 3.661957160932541, 
        "cell_name": "C13"
    }, 
    {
        "y": 0.5406011706182952, 
        "x": 3.661957160932541, 
        "cell_name": "B13"
    }, 
    {
        "y": 0.8406011750886435, 
        "x": 3.661957160932541, 
        "cell_name": "A13"
    }, 
    {
        "y": 0.8406011750886435, 
        "x": 3.361957156462193, 
        "cell_name": "A12"
    }, 
    {
        "y": 0.8406011750886435, 
        "x": 3.0619571519918445, 
        "cell_name": "A11"
    }, 
    {
        "y": 0.8406011750886435, 
        "x": 2.761957147521496, 
        "cell_name": "A10"
    }, 
    {
        "y": 0.8406011750886435, 
        "x": 2.4619571430511478, 
        "cell_name": "A9"
    }, 
    {
        "y": 0.8406011750886435, 
        "x": 2.1619571385807994, 
        "cell_name": "A8"
    }, 
    {
        "y": 0.8406011750886435, 
        "x": 1.861957134110451, 
        "cell_name": "A7"
    }, 
    {
        "y": 0.8406011750886435, 
        "x": 1.5619571296401027, 
        "cell_name": "A6"
    }, 
    {
        "y": 0.8406011750886435, 
        "x": 1.2619571251697543, 
        "cell_name": "A5"
    }, 
    {
        "y": 0.8406011750886435, 
        "x": 0.961957120699406, 
        "cell_name": "A4"
    }, 
    {
        "y": 0.8406011750886435, 
        "x": 0.6619571162290576, 
        "cell_name": "A3"
    }, 
    {
        "y": 0.8406011750886435, 
        "x": 0.36195711175870926, 
        "cell_name": "A2"
    }, 
    {
        "y": 0.8406011750886435, 
        "x": 0.0619571072883609, 
        "cell_name": "A1"
    }
]